{
    "models": [
        {
            "model": "Logistic Regression",
            "accuracy": 0.9358,
            "precision": 0.8652,
            "recall": 0.9457,
            "f1": 0.9037,
            "auc_roc": 0.9805
        },
        {
            "model": "Random Forest",
            "accuracy": 0.9309,
            "precision": 0.8686,
            "recall": 0.9225,
            "f1": 0.8947,
            "auc_roc": 0.9802
        },
        {
            "model": "Gradient Boosting",
            "accuracy": 0.9333,
            "precision": 0.8864,
            "recall": 0.907,
            "f1": 0.8966,
            "auc_roc": 0.9871
        }
    ],
    "cv_f1_mean": 0.8980633024236904,
    "cv_f1_std": 0.018598349191967515
}